{"Accels": [1.0098636410565391, 1.0112695564579595, 1.003979149221313], "AccelBias": [0.2538202703139994, 0.17979412227635477, 0.02595257651980156], "GyroBias": [0.013996456677891525, -0.03960846768945711, 0.004483500107930807], "Mags": [1.0, 1.0, 1.0], "MagBias": [110.08468208370688, -272.27857434710546, 1335.9501838857607], "Magtransform": [[-2.292060863146523, 0.1617639096205564, 0.6111695043190661], [0.16176390962055628, -2.9362988565960793, -0.015474957836730892], [0.611169504319066, -0.015474957836730948, -0.014063130178804756]]}